frame,dt,N,areaSigned,areaAbs,targetArea,perim,selfInt,lockedCount,grabbed,dragInside
0,0.000000,20,37391.058594,37391.058594,38013.273438,688.311707,0,0,-1,0
1,0.016676,20,38101.750000,38101.750000,38013.273438,694.822144,0,0,-1,0
2,0.016667,20,38347.898438,38347.898438,38013.273438,697.062988,0,0,-1,0
3,0.016667,20,38190.316406,38190.316406,38013.273438,695.629272,0,0,-1,0
4,0.016667,20,38112.343750,38112.343750,38013.273438,694.918701,0,0,-1,0
5,0.016667,20,38144.609375,38144.609375,38013.273438,695.212891,0,0,-1,0
6,0.016817,20,38167.640625,38167.640625,38013.273438,695.422791,0,0,-1,0
7,0.016667,20,38161.707031,38161.707031,38013.273438,695.368652,0,0,-1,0
8,0.016667,20,38155.253906,38155.253906,38013.273438,695.309998,0,0,-1,0
9,0.016667,20,38156.050781,38156.050781,38013.273438,695.317261,0,0,-1,0
10,0.016667,20,38157.859375,38157.859375,38013.273438,695.333740,0,0,-1,0
11,0.016667,20,38157.984375,38157.984375,38013.273438,695.334778,0,0,-1,0
12,0.016667,20,38157.453125,38157.453125,38013.273438,695.329956,0,0,-1,0
13,0.016667,20,38157.324219,38157.324219,38013.273438,695.328735,0,0,-1,0
14,0.016667,20,38157.343750,38157.343750,38013.273438,695.328857,0,0,-1,0
15,0.016667,20,38157.386719,38157.386719,38013.273438,695.329407,0,0,-1,0
16,0.016667,20,38157.433594,38157.433594,38013.273438,695.329712,0,0,-1,0
17,0.016667,20,38157.441406,38157.441406,38013.273438,695.329834,0,0,-1,0
18,0.016667,20,38157.441406,38157.441406,38013.273438,695.329834,0,0,-1,0
19,0.016667,20,38157.441406,38157.441406,38013.273438,695.329834,0,0,-1,0
20,0.016667,20,38157.441406,38157.441406,38013.273438,695.329834,0,0,-1,0
21,0.016667,20,38157.441406,38157.441406,38013.273438,695.329895,0,0,-1,0
22,0.016667,20,38157.445312,38157.445312,38013.273438,695.329834,0,0,-1,0
23,0.016667,20,38157.445312,38157.445312,38013.273438,695.329895,0,0,-1,0
24,0.016703,20,38157.449219,38157.449219,38013.273438,695.329895,0,0,-1,0
25,0.016667,20,38157.457031,38157.457031,38013.273438,695.330017,0,0,-1,0
26,0.016670,20,38157.457031,38157.457031,38013.273438,695.329895,0,0,-1,0
27,0.016667,20,38157.445312,38157.445312,38013.273438,695.329834,0,0,-1,0
28,0.016667,20,38157.441406,38157.441406,38013.273438,695.329895,0,0,-1,0
29,0.016667,20,38157.441406,38157.441406,38013.273438,695.329834,0,0,-1,0
30,0.016667,20,38157.449219,38157.449219,38013.273438,695.329895,0,0,-1,0
31,0.016667,20,38157.453125,38157.453125,38013.273438,695.329956,0,0,-1,0
32,0.016667,20,38157.457031,38157.457031,38013.273438,695.329956,0,0,-1,0
33,0.016667,20,38157.464844,38157.464844,38013.273438,695.330139,0,0,-1,0
34,0.016667,20,38157.480469,38157.480469,38013.273438,695.330200,0,0,-1,0
35,0.016667,20,38157.488281,38157.488281,38013.273438,695.330261,0,0,-1,0
36,0.016667,20,38157.496094,38157.496094,38013.273438,695.330322,0,0,-1,0
37,0.016667,20,38157.500000,38157.500000,38013.273438,695.330383,0,0,-1,0
38,0.016667,20,38157.503906,38157.503906,38013.273438,695.330444,0,0,-1,0
39,0.016667,20,38157.496094,38157.496094,38013.273438,695.330322,0,0,-1,0
40,0.016667,20,38157.488281,38157.488281,38013.273438,695.330322,0,0,-1,0
41,0.016798,20,38157.480469,38157.480469,38013.273438,695.330200,0,0,-1,0
42,0.016667,20,38157.468750,38157.468750,38013.273438,695.330078,0,0,-1,0
43,0.016667,20,38157.468750,38157.468750,38013.273438,695.330139,0,0,-1,0
44,0.016667,20,38157.464844,38157.464844,38013.273438,695.330078,0,0,-1,0
45,0.016667,20,38157.453125,38157.453125,38013.273438,695.329956,0,0,-1,0
46,0.016667,20,38157.445312,38157.445312,38013.273438,695.329834,0,0,-1,0
47,0.016667,20,38157.449219,38157.449219,38013.273438,695.329956,0,0,-1,0
48,0.016667,20,38157.449219,38157.449219,38013.273438,695.329956,0,0,-1,0
49,0.016667,20,38157.457031,38157.457031,38013.273438,695.329956,0,0,-1,0
50,0.016667,20,38157.464844,38157.464844,38013.273438,695.330017,0,0,-1,0
51,0.016667,20,38157.460938,38157.460938,38013.273438,695.330017,0,0,-1,0
52,0.016667,20,38157.453125,38157.453125,38013.273438,695.329956,0,0,-1,0
53,0.016667,20,38157.449219,38157.449219,38013.273438,695.329895,0,0,-1,0
54,0.016667,20,38157.449219,38157.449219,38013.273438,695.329895,0,0,-1,0
55,0.016667,20,38157.453125,38157.453125,38013.273438,695.330017,0,0,-1,0
56,0.016667,20,38157.460938,38157.460938,38013.273438,695.330017,0,0,-1,0
57,0.016667,20,38157.472656,38157.472656,38013.273438,695.330200,0,0,-1,0
58,0.016667,20,38157.488281,38157.488281,38013.273438,695.330322,0,0,-1,0
59,0.016667,20,38157.496094,38157.496094,38013.273438,695.330383,0,0,-1,0
60,0.016667,20,38157.503906,38157.503906,38013.273438,695.330566,0,0,-1,0
61,0.016667,20,38157.507812,38157.507812,38013.273438,695.330627,0,0,-1,0
62,0.016667,20,38157.515625,38157.515625,38013.273438,695.330566,0,0,-1,0
63,0.016667,20,38157.519531,38157.519531,38013.273438,695.330627,0,0,-1,0
64,0.016667,20,38157.527344,38157.527344,38013.273438,695.330627,0,0,-1,0
65,0.016667,20,38157.527344,38157.527344,38013.273438,695.330627,0,0,-1,0
66,0.016667,20,38157.531250,38157.531250,38013.273438,695.330688,0,0,-1,0
67,0.016667,20,38157.535156,38157.535156,38013.273438,695.330688,0,0,-1,0
68,0.016667,20,38157.531250,38157.531250,38013.273438,695.330750,0,0,-1,0
69,0.016667,20,38157.535156,38157.535156,38013.273438,695.330750,0,0,-1,0
70,0.016667,20,38157.539062,38157.539062,38013.273438,695.330750,0,0,-1,0
71,0.016667,20,38157.546875,38157.546875,38013.273438,695.330872,0,0,-1,0
72,0.016667,20,38157.550781,38157.550781,38013.273438,695.330933,0,0,-1,0
73,0.016667,20,38157.558594,38157.558594,38013.273438,695.330933,0,0,-1,0
74,0.016667,20,38157.566406,38157.566406,38013.273438,695.331055,0,0,-1,0
75,0.016667,20,38157.574219,38157.574219,38013.273438,695.331116,0,0,-1,0
76,0.016667,20,38157.585938,38157.585938,38013.273438,695.331238,0,0,-1,0
77,0.016668,20,38157.593750,38157.593750,38013.273438,695.331360,0,0,-1,0
78,0.016667,20,38157.597656,38157.597656,38013.273438,695.331360,0,0,-1,0
79,0.016667,20,38157.597656,38157.597656,38013.273438,695.331360,0,0,-1,0
80,0.016667,20,38157.601562,38157.601562,38013.273438,695.331421,0,0,-1,0
81,0.016667,20,38157.601562,38157.601562,38013.273438,695.331421,0,0,-1,0
82,0.016667,20,38157.601562,38157.601562,38013.273438,695.331421,0,0,-1,0
83,0.016667,20,38157.601562,38157.601562,38013.273438,695.331360,0,0,-1,0
84,0.016667,20,38157.601562,38157.601562,38013.273438,695.331421,0,0,-1,0
85,0.016667,20,38157.597656,38157.597656,38013.273438,695.331299,0,0,-1,0
86,0.016667,20,38157.589844,38157.589844,38013.273438,695.331299,0,0,-1,0
87,0.016667,20,38157.578125,38157.578125,38013.273438,695.331116,0,0,-1,0
88,0.016667,20,38157.566406,38157.566406,38013.273438,695.331055,0,0,-1,0
89,0.016667,20,38157.550781,38157.550781,38013.273438,695.330994,0,0,-1,0
90,0.016667,20,38157.542969,38157.542969,38013.273438,695.330872,0,0,-1,0
91,0.016667,20,38157.539062,38157.539062,38013.273438,695.330872,0,0,-1,0
92,0.016667,20,38157.539062,38157.539062,38013.273438,695.330750,0,0,-1,0
93,0.016667,20,38157.542969,38157.542969,38013.273438,695.330811,0,0,-1,0
94,0.016667,20,38157.546875,38157.546875,38013.273438,695.330933,0,0,-1,0
95,0.016667,20,38157.558594,38157.558594,38013.273438,695.330933,0,0,-1,0
96,0.016667,20,38157.566406,38157.566406,38013.273438,695.331055,0,0,-1,0
97,0.016667,20,38157.574219,38157.574219,38013.273438,695.331116,0,0,-1,0
98,0.016667,20,38157.578125,38157.578125,38013.273438,695.331238,0,0,-1,0
99,0.016667,20,38157.582031,38157.582031,38013.273438,695.331116,0,0,-1,0
100,0.016667,20,38157.585938,38157.585938,38013.273438,695.331177,0,0,-1,0
101,0.016667,20,38157.585938,38157.585938,38013.273438,695.331238,0,0,-1,0
102,0.016667,20,38157.582031,38157.582031,38013.273438,695.331238,0,0,-1,0
103,0.016667,20,38157.574219,38157.574219,38013.273438,695.331238,0,0,-1,0
104,0.016667,20,38157.566406,38157.566406,38013.273438,695.331055,0,0,-1,0
105,0.016667,20,38157.558594,38157.558594,38013.273438,695.331055,0,0,-1,0
106,0.016667,20,38157.546875,38157.546875,38013.273438,695.330811,0,0,-1,0
107,0.016667,20,38157.535156,38157.535156,38013.273438,695.330750,0,0,-1,0
108,0.016667,20,38157.527344,38157.527344,38013.273438,695.330688,0,0,-1,0
109,0.016667,20,38157.511719,38157.511719,38013.273438,695.330505,0,0,-1,0
110,0.016667,20,38157.500000,38157.500000,38013.273438,695.330444,0,0,-1,0
111,0.016670,20,38157.488281,38157.488281,38013.273438,695.330322,0,0,-1,0
112,0.016667,20,38157.480469,38157.480469,38013.273438,695.330322,0,0,-1,0
113,0.016667,20,38157.476562,38157.476562,38013.273438,695.330261,0,0,-1,0
114,0.016667,20,38157.476562,38157.476562,38013.273438,695.330261,0,0,-1,0
115,0.016667,20,38157.476562,38157.476562,38013.273438,695.330200,0,0,-1,0
116,0.016667,20,38157.476562,38157.476562,38013.273438,695.330322,0,0,-1,0
117,0.016667,20,38157.476562,38157.476562,38013.273438,695.330261,0,0,-1,0
118,0.016667,20,38157.476562,38157.476562,38013.273438,695.330322,0,0,-1,0
119,0.016667,20,38157.480469,38157.480469,38013.273438,695.330261,0,0,-1,0
120,0.016667,20,38157.484375,38157.484375,38013.273438,695.330322,0,0,-1,0
121,0.016667,20,38157.480469,38157.480469,38013.273438,695.330322,0,0,-1,0
122,0.016667,20,38157.480469,38157.480469,38013.273438,695.330261,0,0,-1,0
123,0.016667,20,38157.480469,38157.480469,38013.273438,695.330261,0,0,-1,0
124,0.016667,20,38157.488281,38157.488281,38013.273438,695.330322,0,0,-1,0
125,0.016667,20,38157.488281,38157.488281,38013.273438,695.330383,0,0,-1,0
126,0.016667,20,38157.492188,38157.492188,38013.273438,695.330322,0,0,-1,0
127,0.016667,20,38157.496094,38157.496094,38013.273438,695.330444,0,0,-1,0
128,0.016667,20,38157.500000,38157.500000,38013.273438,695.330444,0,0,-1,0
129,0.016667,20,38157.511719,38157.511719,38013.273438,695.330627,0,0,-1,0
130,0.016667,20,38157.515625,38157.515625,38013.273438,695.330566,0,0,-1,0
131,0.016667,20,38157.515625,38157.515625,38013.273438,695.330627,0,0,-1,0
132,0.016667,20,38157.511719,38157.511719,38013.273438,695.330566,0,0,-1,0
133,0.016667,20,38157.507812,38157.507812,38013.273438,695.330566,0,0,-1,0
134,0.016667,20,38157.503906,38157.503906,38013.273438,695.330505,0,0,-1,0
135,0.016667,20,38157.496094,38157.496094,38013.273438,695.330505,0,0,-1,0
136,0.016667,20,38157.492188,38157.492188,38013.273438,695.330444,0,0,-1,0
137,0.016667,20,38157.488281,38157.488281,38013.273438,695.330444,0,0,-1,0
138,0.016737,20,38157.484375,38157.484375,38013.273438,695.330322,0,0,-1,0
139,0.016667,20,38157.484375,38157.484375,38013.273438,695.330322,0,0,-1,0
140,0.016667,20,38157.492188,38157.492188,38013.273438,695.330322,0,0,-1,0
141,0.016667,20,38157.500000,38157.500000,38013.273438,695.330444,0,0,-1,0
142,0.016667,20,38157.507812,38157.507812,38013.273438,695.330566,0,0,-1,0
143,0.016667,20,38157.519531,38157.519531,38013.273438,695.330566,0,0,-1,0
144,0.016667,20,38157.523438,38157.523438,38013.273438,695.330688,0,0,-1,0
145,0.016667,20,38157.527344,38157.527344,38013.273438,695.330750,0,0,-1,0
146,0.016667,20,38157.527344,38157.527344,38013.273438,695.330750,0,0,-1,0
147,0.016667,20,38157.527344,38157.527344,38013.273438,695.330750,0,0,-1,0
148,0.016667,20,38157.527344,38157.527344,38013.273438,695.330750,0,0,-1,0
149,0.016667,20,38157.531250,38157.531250,38013.273438,695.330811,0,0,-1,0
150,0.016667,20,38157.539062,38157.539062,38013.273438,695.330933,0,0,-1,0
151,0.016667,20,38157.550781,38157.550781,38013.273438,695.330933,0,0,-1,0
152,0.016667,20,38157.554688,38157.554688,38013.273438,695.330933,0,0,-1,0
153,0.016667,20,38157.554688,38157.554688,38013.273438,695.330994,0,0,-1,0
154,0.016667,20,38157.554688,38157.554688,38013.273438,695.330994,0,0,-1,0
155,0.016778,20,38157.542969,38157.542969,38013.273438,695.330994,0,0,-1,0
156,0.016667,20,38157.531250,38157.531250,38013.273438,695.330750,0,0,-1,0
157,0.016689,20,38157.515625,38157.515625,38013.273438,695.330566,0,0,-1,0
158,0.016667,20,38157.496094,38157.496094,38013.273438,695.330444,0,0,-1,0
159,0.016667,20,38157.496094,38157.496094,38013.273438,695.330444,0,0,-1,0
160,0.016667,20,38157.496094,38157.496094,38013.273438,695.330505,0,0,-1,0
161,0.016667,20,38157.496094,38157.496094,38013.273438,695.330444,0,0,-1,0
162,0.016667,20,38157.500000,38157.500000,38013.273438,695.330566,0,0,-1,0
163,0.016667,20,38157.500000,38157.500000,38013.273438,695.330566,0,0,-1,0
164,0.016667,20,38157.500000,38157.500000,38013.273438,695.330566,0,0,-1,0
165,0.016667,20,38157.492188,38157.492188,38013.273438,695.330505,0,0,-1,0
166,0.016755,20,38157.488281,38157.488281,38013.273438,695.330444,0,0,-1,0
167,0.016667,20,38157.484375,38157.484375,38013.273438,695.330444,0,0,-1,0
168,0.016667,20,38157.476562,38157.476562,38013.273438,695.330322,0,0,-1,0
169,0.016667,20,38157.476562,38157.476562,38013.273438,695.330322,0,0,-1,0
170,0.016667,20,38157.476562,38157.476562,38013.273438,695.330322,0,0,-1,0
171,0.016667,20,38157.476562,38157.476562,38013.273438,695.330322,0,0,-1,0
172,0.016667,20,38157.480469,38157.480469,38013.273438,695.330322,0,0,-1,0
173,0.016667,20,38157.480469,38157.480469,38013.273438,695.330322,0,0,-1,0
174,0.016667,20,38157.484375,38157.484375,38013.273438,695.330383,0,0,-1,0
175,0.016667,20,38157.484375,38157.484375,38013.273438,695.330322,0,0,-1,0
176,0.016667,20,38157.492188,38157.492188,38013.273438,695.330444,0,0,-1,0
177,0.016667,20,38157.496094,38157.496094,38013.273438,695.330444,0,0,-1,0
178,0.016667,20,38157.496094,38157.496094,38013.273438,695.330505,0,0,-1,0
179,0.016667,20,38157.500000,38157.500000,38013.273438,695.330566,0,0,-1,0
180,0.016667,20,38157.503906,38157.503906,38013.273438,695.330505,0,0,-1,0
181,0.016667,20,38157.511719,38157.511719,38013.273438,695.330566,0,0,-1,0
182,0.016667,20,38157.515625,38157.515625,38013.273438,695.330688,0,0,-1,0
183,0.016667,20,38157.523438,38157.523438,38013.273438,695.330750,0,0,-1,0
184,0.016667,20,38157.527344,38157.527344,38013.273438,695.330811,0,0,-1,0
185,0.016667,20,38157.531250,38157.531250,38013.273438,695.330811,0,0,-1,0
186,0.016667,20,38157.531250,38157.531250,38013.273438,695.330811,0,0,-1,0
187,0.016667,20,38157.554688,38157.554688,38013.273438,695.330994,0,0,-1,0
188,0.016667,20,38157.570312,38157.570312,38013.273438,695.331238,0,0,-1,0
189,0.016667,20,38157.582031,38157.582031,38013.273438,695.331299,0,0,-1,0
190,0.016667,20,38157.589844,38157.589844,38013.273438,695.331360,0,0,-1,0
191,0.016667,20,38157.589844,38157.589844,38013.273438,695.331299,0,0,-1,0
192,0.016667,20,38157.589844,38157.589844,38013.273438,695.331360,0,0,-1,0
193,0.016667,20,38157.582031,38157.582031,38013.273438,695.331238,0,0,-1,0
194,0.016667,20,38157.578125,38157.578125,38013.273438,695.331238,0,0,-1,0
195,0.016667,20,38157.574219,38157.574219,38013.273438,695.331238,0,0,-1,0
196,0.016667,20,38157.570312,38157.570312,38013.273438,695.331116,0,0,-1,0
197,0.016667,20,38157.554688,38157.554688,38013.273438,695.331055,0,0,-1,0
198,0.016667,20,38157.542969,38157.542969,38013.273438,695.330933,0,0,-1,0
199,0.016668,20,38157.531250,38157.531250,38013.273438,695.330811,0,0,-1,0
200,0.016667,20,38157.515625,38157.515625,38013.273438,695.330688,0,0,-1,0
201,0.016667,20,38157.500000,38157.500000,38013.273438,695.330505,0,0,-1,0
202,0.016667,20,38157.484375,38157.484375,38013.273438,695.330322,0,0,-1,0
203,0.016667,20,38157.472656,38157.472656,38013.273438,695.330261,0,0,-1,0
204,0.016667,20,38157.464844,38157.464844,38013.273438,695.330200,0,0,-1,0
205,0.016667,20,38157.460938,38157.460938,38013.273438,695.330078,0,0,-1,0
206,0.016667,20,38157.460938,38157.460938,38013.273438,695.330078,0,0,-1,0
207,0.016667,20,38157.460938,38157.460938,38013.273438,695.330078,0,0,-1,0
208,0.016667,20,38157.464844,38157.464844,38013.273438,695.330200,0,0,-1,0
209,0.016667,20,38157.464844,38157.464844,38013.273438,695.330261,0,0,-1,0
210,0.016667,20,38157.472656,38157.472656,38013.273438,695.330261,0,0,-1,0
211,0.016667,20,38157.472656,38157.472656,38013.273438,695.330322,0,0,-1,0
212,0.016667,20,38157.472656,38157.472656,38013.273438,695.330322,0,0,-1,0
213,0.016667,20,38157.472656,38157.472656,38013.273438,695.330261,0,0,-1,0
214,0.016667,20,38157.480469,38157.480469,38013.273438,695.330322,0,0,-1,0
215,0.016667,20,38157.476562,38157.476562,38013.273438,695.330261,0,0,-1,0
216,0.016667,20,38157.476562,38157.476562,38013.273438,695.330261,0,0,-1,0
217,0.016667,20,38157.472656,38157.472656,38013.273438,695.330322,0,0,-1,0
218,0.016667,20,38157.476562,38157.476562,38013.273438,695.330261,0,0,-1,0
219,0.016667,20,38157.476562,38157.476562,38013.273438,695.330261,0,0,-1,0
220,0.016667,20,38157.476562,38157.476562,38013.273438,695.330383,0,0,-1,0
221,0.016667,20,38157.476562,38157.476562,38013.273438,695.330383,0,0,-1,0
222,0.016667,20,38157.480469,38157.480469,38013.273438,695.330261,0,0,-1,0
223,0.016667,20,38157.476562,38157.476562,38013.273438,695.330322,0,0,-1,0
224,0.016667,20,38157.476562,38157.476562,38013.273438,695.330261,0,0,-1,0
225,0.016667,20,38157.480469,38157.480469,38013.273438,695.330261,0,0,-1,0
226,0.016667,20,38157.484375,38157.484375,38013.273438,695.330322,0,0,-1,0
227,0.016667,20,38157.488281,38157.488281,38013.273438,695.330383,0,0,-1,0
228,0.016667,20,38157.496094,38157.496094,38013.273438,695.330444,0,0,-1,0
229,0.016667,20,38157.496094,38157.496094,38013.273438,695.330444,0,0,-1,0
230,0.016667,20,38157.484375,38157.484375,38013.273438,695.330261,0,0,-1,0
231,0.016667,20,38157.476562,38157.476562,38013.273438,695.330200,0,0,-1,0
232,0.016667,20,38157.476562,38157.476562,38013.273438,695.330261,0,0,-1,0
233,0.016667,20,38157.480469,38157.480469,38013.273438,695.330261,0,0,-1,0
234,0.016667,20,38157.480469,38157.480469,38013.273438,695.330322,0,0,-1,0
235,0.016667,20,38157.476562,38157.476562,38013.273438,695.330322,0,0,-1,0
236,0.016667,20,38157.476562,38157.476562,38013.273438,695.330322,0,0,-1,0
237,0.016667,20,38157.476562,38157.476562,38013.273438,695.330200,0,0,-1,0
238,0.016667,20,38157.480469,38157.480469,38013.273438,695.330322,0,0,-1,0
239,0.016667,20,38157.484375,38157.484375,38013.273438,695.330322,0,0,-1,0
240,0.016667,20,38157.488281,38157.488281,38013.273438,695.330322,0,0,-1,0
241,0.016667,20,38157.488281,38157.488281,38013.273438,695.330322,0,0,-1,0
242,0.016667,20,38157.488281,38157.488281,38013.273438,695.330322,0,0,-1,0
243,0.016667,20,38157.484375,38157.484375,38013.273438,695.330322,0,0,-1,0
244,0.016667,20,38157.476562,38157.476562,38013.273438,695.330322,0,0,-1,0
245,0.016667,20,38157.476562,38157.476562,38013.273438,695.330322,0,0,-1,0
246,0.016667,20,38157.476562,38157.476562,38013.273438,695.330261,0,0,-1,0
247,0.016667,20,38157.480469,38157.480469,38013.273438,695.330261,0,0,-1,0
248,0.016667,20,38157.480469,38157.480469,38013.273438,695.330322,0,0,-1,0
249,0.016667,20,38157.476562,38157.476562,38013.273438,695.330322,0,0,-1,0
250,0.016667,20,38157.476562,38157.476562,38013.273438,695.330261,0,0,-1,0
251,0.016667,20,38157.472656,38157.472656,38013.273438,695.330200,0,0,-1,0
252,0.016667,20,38157.468750,38157.468750,38013.273438,695.330261,0,0,-1,0
253,0.016667,20,38157.472656,38157.472656,38013.273438,695.330322,0,0,-1,0
254,0.016667,20,38157.480469,38157.480469,38013.273438,695.330322,0,0,-1,0
255,0.016667,20,38157.480469,38157.480469,38013.273438,695.330322,0,0,-1,0
256,0.016667,20,38157.484375,38157.484375,38013.273438,695.330383,0,0,-1,0
257,0.016667,20,38157.484375,38157.484375,38013.273438,695.330383,0,0,-1,0
258,0.016667,20,38157.488281,38157.488281,38013.273438,695.330383,0,0,-1,0
259,0.016668,20,38157.492188,38157.492188,38013.273438,695.330444,0,0,-1,0
260,0.016667,20,38157.496094,38157.496094,38013.273438,695.330383,0,0,-1,0
261,0.016667,20,38094.687500,38094.687500,38013.273438,695.478577,0,0,4,0
262,0.016667,20,38139.015625,38139.015625,38013.273438,695.910461,0,0,4,0
263,0.016667,20,38115.441406,38115.441406,38013.273438,695.703613,0,0,4,0
264,0.016667,20,38097.792969,38097.792969,38013.273438,695.529724,0,0,4,0
265,0.016667,20,38102.570312,38102.570312,38013.273438,695.545227,0,0,4,0
266,0.016667,20,38111.996094,38111.996094,38013.273438,695.586914,0,0,4,0
267,0.016667,20,38126.980469,38126.980469,38013.273438,695.601257,0,0,4,0
268,0.016667,20,38119.167969,38119.167969,38013.273438,695.478638,0,0,4,0
269,0.016667,20,38124.605469,38124.605469,38013.273438,695.488708,0,0,4,0
270,0.016667,20,38138.433594,38138.433594,38013.273438,695.550232,0,0,4,0
271,0.016667,20,38128.933594,38128.933594,38013.273438,695.417969,0,0,4,0
272,0.016667,20,38133.324219,38133.324219,38013.273438,695.421753,0,0,4,0
273,0.016667,20,38138.214844,38138.214844,38013.273438,695.437134,0,0,4,0
274,0.016667,20,38139.171875,38139.171875,38013.273438,695.422668,0,0,4,0
275,0.016668,20,38139.390625,38139.390625,38013.273438,695.407837,0,0,4,0
276,0.016667,20,38140.382812,38140.382812,38013.273438,695.404602,0,0,4,0
277,0.016667,20,38141.570312,38141.570312,38013.273438,695.404358,0,0,4,0
278,0.016667,20,38142.476562,38142.476562,38013.273438,695.400208,0,0,4,0
279,0.016667,20,38143.300781,38143.300781,38013.273438,695.393188,0,0,4,0
280,0.016667,20,38144.304688,38144.304688,38013.273438,695.387268,0,0,4,0
281,0.016667,20,38145.273438,38145.273438,38013.273438,695.383240,0,0,4,0
282,0.016667,20,38145.851562,38145.851562,38013.273438,695.379456,0,0,4,0
283,0.016667,20,38146.085938,38146.085938,38013.273438,695.376953,0,0,4,0
284,0.016667,20,38146.148438,38146.148438,38013.273438,695.376038,0,0,4,0
285,0.016667,20,38146.222656,38146.222656,38013.273438,695.376587,0,0,4,0
286,0.016667,20,38146.242188,38146.242188,38013.273438,695.376648,0,0,4,0
287,0.016667,20,38146.296875,38146.296875,38013.273438,695.376587,0,0,4,0
288,0.016667,20,38146.386719,38146.386719,38013.273438,695.376160,0,0,4,0
289,0.016667,20,38146.480469,38146.480469,38013.273438,695.375366,0,0,4,0
290,0.016667,20,38146.628906,38146.628906,38013.273438,695.375000,0,0,4,0
291,0.016667,20,38146.675781,38146.675781,38013.273438,695.373718,0,0,4,0
292,0.016667,20,38146.785156,38146.785156,38013.273438,695.373291,0,0,4,0
293,0.016667,20,38147.437500,38147.437500,38013.273438,695.376831,0,0,-1,0
294,0.016667,20,38147.609375,38147.609375,38013.273438,695.375732,0,0,-1,0
295,0.016667,20,38147.679688,38147.679688,38013.273438,695.373413,0,0,-1,0
296,0.016667,20,38147.894531,38147.894531,38013.273438,695.372620,0,0,-1,0
297,0.016667,20,38148.109375,38148.109375,38013.273438,695.372009,0,0,-1,0
298,0.016667,20,38148.320312,38148.320312,38013.273438,695.371460,0,0,-1,0
299,0.016667,20,38148.527344,38148.527344,38013.273438,695.370911,0,0,-1,0
300,0.016667,20,38148.593750,38148.593750,38013.273438,695.369141,0,0,-1,0
301,0.016667,20,38148.746094,38148.746094,38013.273438,695.368225,0,0,-1,0
302,0.016667,20,38148.960938,38148.960938,38013.273438,695.367676,0,0,-1,0
303,0.016667,20,38149.214844,38149.214844,38013.273438,695.367615,0,0,-1,0
304,0.016667,20,38149.417969,38149.417969,38013.273438,695.366882,0,0,-1,0
305,0.016667,20,38149.550781,38149.550781,38013.273438,695.365601,0,0,-1,0
306,0.016667,20,38149.753906,38149.753906,38013.273438,695.364990,0,0,-1,0
307,0.016667,20,38149.929688,38149.929688,38013.273438,695.364136,0,0,-1,0
308,0.016667,20,38150.011719,38150.011719,38013.273438,695.362488,0,0,-1,0
309,0.016667,20,38150.136719,38150.136719,38013.273438,695.361328,0,0,-1,0
310,0.016667,20,38150.367188,38150.367188,38013.273438,695.361084,0,0,-1,0
311,0.016667,20,38150.593750,38150.593750,38013.273438,695.360840,0,0,-1,0
312,0.016667,20,38150.554688,38150.554688,38013.273438,695.358459,0,0,-1,0
313,0.016667,20,38150.792969,38150.792969,38013.273438,695.358582,0,0,-1,0
314,0.016667,20,38151.035156,38151.035156,38013.273438,695.358704,0,0,-1,0
315,0.016667,20,38151.164062,38151.164062,38013.273438,695.357788,0,0,-1,0
316,0.016667,20,38151.339844,38151.339844,38013.273438,695.357483,0,0,-1,0
317,0.016667,20,38151.531250,38151.531250,38013.273438,695.357239,0,0,-1,0
318,0.016667,20,38151.679688,38151.679688,38013.273438,695.356567,0,0,-1,0
319,0.016667,20,38151.820312,38151.820312,38013.273438,695.355957,0,0,-1,0
320,0.016667,20,38151.949219,38151.949219,38013.273438,695.355225,0,0,-1,0
321,0.016667,20,38152.046875,38152.046875,38013.273438,695.354248,0,0,-1,0
322,0.016667,20,38152.179688,38152.179688,38013.273438,695.353821,0,0,-1,0
323,0.016703,20,38152.320312,38152.320312,38013.273438,695.353333,0,0,-1,0
324,0.016667,20,38152.464844,38152.464844,38013.273438,695.352966,0,0,-1,0
325,0.016667,20,38152.566406,38152.566406,38013.273438,695.352173,0,0,-1,0
326,0.016667,20,38152.617188,38152.617188,38013.273438,695.351074,0,0,-1,0
327,0.016667,20,38152.675781,38152.675781,38013.273438,695.350037,0,0,-1,0
328,0.016667,20,38152.742188,38152.742188,38013.273438,695.349182,0,0,-1,0
329,0.016667,20,38152.753906,38152.753906,38013.273438,695.347839,0,0,-1,0
330,0.016667,20,38152.937500,38152.937500,38013.273438,695.348083,0,0,-1,0
331,0.016667,20,38153.070312,38153.070312,38013.273438,695.348083,0,0,-1,0
332,0.016667,20,38153.167969,38153.167969,38013.273438,695.347717,0,0,-1,0
333,0.016667,20,38153.312500,38153.312500,38013.273438,695.347717,0,0,-1,0
334,0.016673,20,38153.433594,38153.433594,38013.273438,695.347595,0,0,-1,0
335,0.016667,20,38153.511719,38153.511719,38013.273438,695.347107,0,0,-1,0
336,0.016667,20,38153.593750,38153.593750,38013.273438,695.346680,0,0,-1,0
337,0.016667,20,38153.679688,38153.679688,38013.273438,695.346375,0,0,-1,0
338,0.016667,20,38153.765625,38153.765625,38013.273438,695.346130,0,0,-1,0
339,0.016667,20,38153.871094,38153.871094,38013.273438,695.345886,0,0,-1,0
340,0.016667,20,38153.867188,38153.867188,38013.273438,695.344727,0,0,-1,0
341,0.016667,20,38154.015625,38154.015625,38013.273438,695.345215,0,0,-1,0
342,0.016667,20,38154.125000,38154.125000,38013.273438,695.345337,0,0,-1,0
343,0.016667,20,38154.207031,38154.207031,38013.273438,695.344971,0,0,-1,0
344,0.016667,20,38154.269531,38154.269531,38013.273438,695.344543,0,0,-1,0
345,0.016667,20,38154.335938,38154.335938,38013.273438,695.344421,0,0,-1,0
346,0.016667,20,38154.410156,38154.410156,38013.273438,695.344177,0,0,-1,0
347,0.016667,20,38154.441406,38154.441406,38013.273438,695.343567,0,0,-1,0
348,0.016667,20,38154.488281,38154.488281,38013.273438,695.343140,0,0,-1,0
349,0.016667,20,38154.542969,38154.542969,38013.273438,695.342712,0,0,-1,0
350,0.016667,20,38154.621094,38154.621094,38013.273438,695.342529,0,0,-1,0
351,0.016667,20,38154.703125,38154.703125,38013.273438,695.342468,0,0,-1,0
352,0.016667,20,38154.792969,38154.792969,38013.273438,695.342407,0,0,-1,0
353,0.016667,20,38154.843750,38154.843750,38013.273438,695.342041,0,0,-1,0
354,0.016667,20,38144.394531,38144.394531,38013.273438,695.286865,0,0,4,0
355,0.016667,20,38157.222656,38157.222656,38013.273438,695.405884,0,0,4,0
356,0.016667,20,38153.332031,38153.332031,38013.273438,695.373474,0,0,4,0
357,0.016667,20,38149.714844,38149.714844,38013.273438,695.344238,0,0,4,0
358,0.016667,20,38150.402344,38150.402344,38013.273438,695.352661,0,0,4,0
359,0.016667,20,38151.386719,38151.386719,38013.273438,695.362793,0,0,4,0
360,0.016667,20,38151.179688,38151.179688,38013.273438,695.360840,0,0,4,0
361,0.016667,20,38150.847656,38150.847656,38013.273438,695.357666,0,0,4,0
362,0.016667,20,38150.792969,38150.792969,38013.273438,695.356873,0,0,4,0
363,0.016667,20,38150.890625,38150.890625,38013.273438,695.357361,0,0,4,0
364,0.016667,20,38150.972656,38150.972656,38013.273438,695.357605,0,0,4,0
365,0.016667,20,38150.929688,38150.929688,38013.273438,695.356628,0,0,4,0
366,0.016667,20,38150.933594,38150.933594,38013.273438,695.356018,0,0,4,0
367,0.016667,20,38150.992188,38150.992188,38013.273438,695.356018,0,0,4,0
368,0.016667,20,38151.046875,38151.046875,38013.273438,695.355957,0,0,4,0
369,0.016667,20,38159.222656,38159.222656,38013.273438,695.427490,0,0,4,0
370,0.016667,20,38185.980469,38185.980469,38013.273438,696.449463,0,0,4,0
371,0.016667,20,38134.671875,38134.671875,38013.273438,699.910400,0,0,4,0
372,0.016667,20,37715.777344,37715.777344,38013.273438,704.812805,0,0,4,0
373,0.016667,20,36874.296875,36874.296875,38013.273438,710.790588,0,0,4,0
374,0.016667,20,35785.320312,35785.320312,38013.273438,711.935730,0,0,4,0
375,0.016667,20,34961.332031,34961.332031,38013.273438,713.808167,0,0,4,0
376,0.016667,20,34402.660156,34402.660156,38013.273438,716.083496,0,0,4,0
377,0.016667,20,34011.148438,34011.148438,38013.273438,717.748474,0,0,4,0
378,0.016667,20,33727.675781,33727.675781,38013.273438,720.347290,0,0,4,0
379,0.016667,20,33429.152344,33429.152344,38013.273438,721.998352,0,0,4,0
380,0.016667,20,33192.828125,33192.828125,38013.273438,723.039062,0,0,4,0
381,0.016667,20,33123.136719,33123.136719,38013.273438,722.596802,0,0,4,0
382,0.016667,20,33298.937500,33298.937500,38013.273438,720.825867,0,0,4,0
383,0.016667,20,33681.964844,33681.964844,38013.273438,719.278076,0,0,4,0
384,0.016667,20,34104.421875,34104.421875,38013.273438,716.890808,0,0,4,0
385,0.016667,20,34515.265625,34515.265625,38013.273438,716.083374,0,0,4,0
386,0.016667,20,34779.558594,34779.558594,38013.273438,714.222290,0,0,4,0
387,0.016667,20,35010.847656,35010.847656,38013.273438,712.188965,0,0,4,0
388,0.016667,20,35278.578125,35278.578125,38013.273438,710.165771,0,0,4,0
389,0.016667,20,35587.933594,35587.933594,38013.273438,708.127380,0,0,4,0
390,0.016667,20,35922.535156,35922.535156,38013.273438,706.087952,0,0,4,0
391,0.016667,20,36265.363281,36265.363281,38013.273438,704.398010,0,0,4,0
392,0.016667,20,36579.289062,36579.289062,38013.273438,703.212646,0,0,4,0
393,0.016667,20,36817.562500,36817.562500,38013.273438,701.891968,0,0,4,0
394,0.016667,20,37015.789062,37015.789062,38013.273438,700.798279,0,0,4,0
395,0.016667,20,37187.644531,37187.644531,38013.273438,699.960327,0,0,4,0
396,0.016667,20,37331.621094,37331.621094,38013.273438,699.308716,0,0,4,0
397,0.016667,20,37446.824219,37446.824219,38013.273438,698.765747,0,0,4,0
398,0.016667,20,37538.750000,37538.750000,38013.273438,698.297974,0,0,4,0
399,0.016667,20,37614.621094,37614.621094,38013.273438,697.905273,0,0,4,0
400,0.016667,20,37679.023438,37679.023438,38013.273438,697.584717,0,0,4,0
401,0.016667,20,37733.839844,37733.839844,38013.273438,697.321655,0,0,4,0
402,0.016667,20,37780.207031,37780.207031,38013.273438,697.102539,0,0,4,0
403,0.016667,20,37819.175781,37819.175781,38013.273438,696.917847,0,0,4,0
404,0.016667,20,37851.949219,37851.949219,38013.273438,696.761597,0,0,4,0
405,0.016667,20,37879.496094,37879.496094,38013.273438,696.627808,0,0,4,0
406,0.016667,20,37902.914062,37902.914062,38013.273438,696.514282,0,0,4,0
407,0.016667,20,37923.121094,37923.121094,38013.273438,696.419006,0,0,4,0
408,0.016667,20,37940.507812,37940.507812,38013.273438,696.337708,0,0,4,0
409,0.016667,20,37955.562500,37955.562500,38013.273438,696.268799,0,0,4,0
410,0.016667,20,37968.554688,37968.554688,38013.273438,696.209229,0,0,4,0
411,0.016667,20,37979.855469,37979.855469,38013.273438,696.157837,0,0,4,0
412,0.016667,20,37989.746094,37989.746094,38013.273438,696.113464,0,0,4,0
413,0.016667,20,37998.386719,37998.386719,38013.273438,696.074280,0,0,4,0
414,0.016667,20,38005.976562,38005.976562,38013.273438,696.039612,0,0,4,0
415,0.016667,20,38012.621094,38012.621094,38013.273438,696.008240,0,0,4,0
416,0.016667,20,38018.574219,38018.574219,38013.273438,695.980774,0,0,4,0
417,0.016667,20,38023.988281,38023.988281,38013.273438,695.957336,0,0,4,0
418,0.016667,20,38028.796875,38028.796875,38013.273438,695.935913,0,0,4,0
419,0.016667,20,38033.089844,38033.089844,38013.273438,695.916748,0,0,4,0
420,0.016667,20,38036.906250,38036.906250,38013.273438,695.899109,0,0,4,0
421,0.016667,20,38040.312500,38040.312500,38013.273438,695.882935,0,0,4,0
422,0.016667,20,38043.468750,38043.468750,38013.273438,695.868896,0,0,4,0
423,0.016667,20,38046.292969,38046.292969,38013.273438,695.855774,0,0,4,0
424,0.016667,20,38048.878906,38048.878906,38013.273438,695.844116,0,0,4,0
425,0.016667,20,38051.285156,38051.285156,38013.273438,695.833557,0,0,4,0
426,0.016667,20,38053.531250,38053.531250,38013.273438,695.824341,0,0,4,0
427,0.016667,20,38055.457031,38055.457031,38013.273438,695.814453,0,0,4,0
428,0.016667,20,38057.343750,38057.343750,38013.273438,695.806519,0,0,4,0
429,0.016667,20,38059.085938,38059.085938,38013.273438,695.798950,0,0,4,0
430,0.016667,20,38060.640625,38060.640625,38013.273438,695.791382,0,0,4,0
431,0.016667,20,38061.730469,38061.730469,38013.273438,695.779053,0,0,-1,0
432,0.016667,20,38062.460938,38062.460938,38013.273438,695.758728,0,0,-1,0
433,0.016667,20,38064.691406,38064.691406,38013.273438,695.749817,0,0,-1,0
434,0.016667,20,38067.210938,38067.210938,38013.273438,695.741516,0,0,-1,0
435,0.016667,20,38069.601562,38069.601562,38013.273438,695.731445,0,0,-1,0
436,0.016667,20,38071.921875,38071.921875,38013.273438,695.719971,0,0,-1,0
437,0.016667,20,38074.250000,38074.250000,38013.273438,695.708496,0,0,-1,0
438,0.016667,20,38076.675781,38076.675781,38013.273438,695.697998,0,0,-1,0
439,0.016667,20,38078.996094,38078.996094,38013.273438,695.686829,0,0,-1,0
440,0.016667,20,38081.363281,38081.363281,38013.273438,695.676697,0,0,-1,0
441,0.016667,20,38083.570312,38083.570312,38013.273438,695.665466,0,0,-1,0
442,0.016667,20,38085.890625,38085.890625,38013.273438,695.655945,0,0,-1,0
443,0.016667,20,38088.078125,38088.078125,38013.273438,695.646057,0,0,-1,0
444,0.016667,20,38090.128906,38090.128906,38013.273438,695.635742,0,0,-1,0
445,0.016667,20,38092.210938,38092.210938,38013.273438,695.626526,0,0,-1,0
446,0.016667,20,38095.027344,38095.027344,38013.273438,695.627686,0,0,-1,0
447,0.016667,20,38095.945312,38095.945312,38013.273438,695.611755,0,0,-1,0
448,0.016667,20,38097.320312,38097.320312,38013.273438,695.600281,0,0,-1,0
449,0.016667,20,38099.035156,38099.035156,38013.273438,695.592773,0,0,-1,0
450,0.016667,20,38100.910156,38100.910156,38013.273438,695.587097,0,0,-1,0
451,0.016667,20,38102.578125,38102.578125,38013.273438,695.580139,0,0,-1,0
452,0.016667,20,38104.035156,38104.035156,38013.273438,695.571960,0,0,-1,0
453,0.016667,20,38105.558594,38105.558594,38013.273438,695.565002,0,0,-1,0
454,0.016667,20,38107.070312,38107.070312,38013.273438,695.558411,0,0,-1,0
455,0.016667,20,38108.566406,38108.566406,38013.273438,695.552429,0,0,-1,0
456,0.016667,20,38109.910156,38109.910156,38013.273438,695.545532,0,0,-1,0
457,0.016667,20,38111.929688,38111.929688,38013.273438,695.547119,0,0,-1,0
458,0.016667,20,38112.480469,38112.480469,38013.273438,695.535461,0,0,-1,0
459,0.016667,20,38113.378906,38113.378906,38013.273438,695.527405,0,0,-1,0
460,0.016669,20,38114.601562,38114.601562,38013.273438,695.522461,0,0,-1,0
461,0.016667,20,38115.968750,38115.968750,38013.273438,695.519348,0,0,-1,0
462,0.016667,20,38117.046875,38117.046875,38013.273438,695.513855,0,0,-1,0
463,0.016667,20,38118.140625,38118.140625,38013.273438,695.508911,0,0,-1,0
464,0.016667,20,38119.207031,38119.207031,38013.273438,695.504150,0,0,-1,0
465,0.016667,20,38120.222656,38120.222656,38013.273438,695.499146,0,0,-1,0
466,0.016667,20,38121.187500,38121.187500,38013.273438,695.494324,0,0,-1,0
467,0.016667,20,38122.175781,38122.175781,38013.273438,695.489929,0,0,-1,0
468,0.016667,20,38123.121094,38123.121094,38013.273438,695.485474,0,0,-1,0
469,0.016667,20,38124.167969,38124.167969,38013.273438,695.482300,0,0,-1,0
470,0.016667,20,38125.023438,38125.023438,38013.273438,695.477783,0,0,-1,0
471,0.016667,20,38125.832031,38125.832031,38013.273438,695.473206,0,0,-1,0
472,0.016877,20,38126.710938,38126.710938,38013.273438,695.469604,0,0,-1,0
473,0.016667,20,38127.582031,38127.582031,38013.273438,695.466309,0,0,-1,0
474,0.016667,20,38128.386719,38128.386719,38013.273438,695.462769,0,0,-1,0
475,0.016667,20,38129.066406,38129.066406,38013.273438,695.458435,0,0,-1,0
476,0.016667,20,38129.843750,38129.843750,38013.273438,695.455078,0,0,-1,0
477,0.016667,20,38130.582031,38130.582031,38013.273438,695.451843,0,0,-1,0
478,0.016667,20,38131.296875,38131.296875,38013.273438,695.448486,0,0,-1,0
479,0.016667,20,38132.058594,38132.058594,38013.273438,695.445984,0,0,-1,0
480,0.016667,20,38132.816406,38132.816406,38013.273438,695.443665,0,0,-1,0
481,0.016667,20,38133.375000,38133.375000,38013.273438,695.439880,0,0,-1,0
482,0.016667,20,38133.945312,38133.945312,38013.273438,695.436340,0,0,-1,0
483,0.016667,20,38134.597656,38134.597656,38013.273438,695.433838,0,0,-1,0
484,0.016667,20,38135.218750,38135.218750,38013.273438,695.431396,0,0,-1,0
485,0.016667,20,38135.769531,38135.769531,38013.273438,695.428406,0,0,-1,0
486,0.016667,20,38136.308594,38136.308594,38013.273438,695.425476,0,0,-1,0
487,0.016670,20,38136.933594,38136.933594,38013.273438,695.423828,0,0,-1,0
488,0.016667,20,38137.507812,38137.507812,38013.273438,695.421875,0,0,-1,0
489,0.016667,20,38137.996094,38137.996094,38013.273438,695.419373,0,0,-1,0
490,0.016667,20,38138.394531,38138.394531,38013.273438,695.416138,0,0,-1,0
491,0.016667,20,38138.855469,38138.855469,38013.273438,695.413757,0,0,-1,0
492,0.016667,20,38139.324219,38139.324219,38013.273438,695.411560,0,0,-1,0
493,0.016667,20,38139.894531,38139.894531,38013.273438,695.410461,0,0,-1,0
494,0.016667,20,38140.394531,38140.394531,38013.273438,695.409058,0,0,-1,0
495,0.016667,20,38140.839844,38140.839844,38013.273438,695.407227,0,0,-1,0
496,0.016667,20,38141.167969,38141.167969,38013.273438,695.404602,0,0,-1,0
497,0.016667,20,38141.500000,38141.500000,38013.273438,695.402161,0,0,-1,0
498,0.016667,20,38141.917969,38141.917969,38013.273438,695.400635,0,0,-1,0
499,0.016667,20,38142.246094,38142.246094,38013.273438,695.398315,0,0,-1,0
500,0.016667,20,38142.660156,38142.660156,38013.273438,695.397034,0,0,-1,0
501,0.016667,20,38143.386719,38143.386719,38013.273438,695.398926,0,0,-1,0
502,0.016667,20,38143.320312,38143.320312,38013.273438,695.393738,0,0,-1,0
503,0.016667,20,38143.492188,38143.492188,38013.273438,695.390686,0,0,-1,0
504,0.016667,20,38143.949219,38143.949219,38013.273438,695.390259,0,0,-1,0
505,0.016667,20,38144.363281,38144.363281,38013.273438,695.389526,0,0,-1,0
506,0.016667,20,38144.746094,38144.746094,38013.273438,695.388611,0,0,-1,0
507,0.016667,20,38144.972656,38144.972656,38013.273438,695.386353,0,0,-1,0
508,0.016667,20,38145.285156,38145.285156,38013.273438,695.385132,0,0,-1,0
509,0.016667,20,38145.671875,38145.671875,38013.273438,695.384460,0,0,-1,0
510,0.016667,20,38145.957031,38145.957031,38013.273438,695.383179,0,0,-1,0
511,0.016667,20,38146.156250,38146.156250,38013.273438,695.381104,0,0,-1,0
512,0.016667,20,38146.398438,38146.398438,38013.273438,695.379578,0,0,-1,0
513,0.016667,20,38146.671875,38146.671875,38013.273438,695.378296,0,0,-1,0
514,0.016667,20,38146.933594,38146.933594,38013.273438,695.377197,0,0,-1,0
515,0.016667,20,38147.179688,38147.179688,38013.273438,695.376038,0,0,-1,0
516,0.016667,20,38147.496094,38147.496094,38013.273438,695.375488,0,0,-1,0
517,0.016667,20,38147.769531,38147.769531,38013.273438,695.374695,0,0,-1,0
518,0.016667,20,38147.937500,38147.937500,38013.273438,695.373047,0,0,-1,0
519,0.016667,20,38148.179688,38148.179688,38013.273438,695.372131,0,0,-1,0
520,0.016667,20,38148.480469,38148.480469,38013.273438,695.371948,0,0,-1,0
521,0.016667,20,38148.660156,38148.660156,38013.273438,695.370605,0,0,-1,0
522,0.016667,20,38148.871094,38148.871094,38013.273438,695.369690,0,0,-1,0
523,0.016667,20,38149.011719,38149.011719,38013.273438,695.368286,0,0,-1,0
524,0.016667,20,38149.199219,38149.199219,38013.273438,695.367188,0,0,-1,0
525,0.016667,20,38149.441406,38149.441406,38013.273438,695.366638,0,0,-1,0
526,0.016667,20,38149.609375,38149.609375,38013.273438,695.365662,0,0,-1,0
527,0.016667,20,38149.718750,38149.718750,38013.273438,695.364075,0,0,-1,0
528,0.016667,20,38149.894531,38149.894531,38013.273438,695.363342,0,0,-1,0
529,0.016667,20,38150.078125,38150.078125,38013.273438,695.362488,0,0,-1,0
530,0.016667,20,38150.261719,38150.261719,38013.273438,695.362061,0,0,-1,0
531,0.016667,20,38150.464844,38150.464844,38013.273438,695.361450,0,0,-1,0
532,0.016667,20,38150.679688,38150.679688,38013.273438,695.361206,0,0,-1,0
533,0.016667,20,38150.867188,38150.867188,38013.273438,695.360718,0,0,-1,0
534,0.016667,20,38150.957031,38150.957031,38013.273438,695.359436,0,0,-1,0
535,0.016667,20,38151.074219,38151.074219,38013.273438,695.358337,0,0,-1,0
536,0.016667,20,38151.210938,38151.210938,38013.273438,695.357544,0,0,-1,0
537,0.016667,20,38151.328125,38151.328125,38013.273438,695.356506,0,0,-1,0
538,0.016667,20,38151.480469,38151.480469,38013.273438,695.355774,0,0,-1,0
539,0.016667,20,38151.695312,38151.695312,38013.273438,695.355652,0,0,-1,0
540,0.016667,20,38151.875000,38151.875000,38013.273438,695.355408,0,0,-1,0
541,0.016667,20,38152.027344,38152.027344,38013.273438,695.354736,0,0,-1,0
542,0.016667,20,38152.191406,38152.191406,38013.273438,695.354553,0,0,-1,0
543,0.016667,20,38152.378906,38152.378906,38013.273438,695.354431,0,0,-1,0
544,0.016667,20,38152.523438,38152.523438,38013.273438,695.354065,0,0,-1,0
545,0.016667,20,38152.617188,38152.617188,38013.273438,695.353271,0,0,-1,0
546,0.016667,20,38152.761719,38152.761719,38013.273438,695.353088,0,0,-1,0
547,0.016667,20,38152.902344,38152.902344,38013.273438,695.352905,0,0,-1,0
548,0.016667,20,38152.953125,38152.953125,38013.273438,695.351929,0,0,-1,0
549,0.016667,20,38152.945312,38152.945312,38013.273438,695.350403,0,0,-1,0
550,0.016667,20,38153.000000,38153.000000,38013.273438,695.349670,0,0,-1,0
551,0.016667,20,38153.164062,38153.164062,38013.273438,695.349976,0,0,-1,0
552,0.016667,20,38153.277344,38153.277344,38013.273438,695.349670,0,0,-1,0
553,0.016667,20,38153.351562,38153.351562,38013.273438,695.349243,0,0,-1,0
554,0.016667,20,38153.433594,38153.433594,38013.273438,695.348816,0,0,-1,0
555,0.016667,20,38153.511719,38153.511719,38013.273438,695.348450,0,0,-1,0
556,0.016667,20,38153.613281,38153.613281,38013.273438,695.348328,0,0,-1,0
557,0.016667,20,38153.730469,38153.730469,38013.273438,695.348328,0,0,-1,0
558,0.016667,20,38153.843750,38153.843750,38013.273438,695.348328,0,0,-1,0
559,0.016667,20,38153.953125,38153.953125,38013.273438,695.348328,0,0,-1,0
560,0.016667,20,38154.007812,38154.007812,38013.273438,695.347961,0,0,-1,0
561,0.016667,20,38154.015625,38154.015625,38013.273438,695.347168,0,0,-1,0
562,0.016667,20,38154.035156,38154.035156,38013.273438,695.346375,0,0,-1,0
563,0.016667,20,38154.097656,38154.097656,38013.273438,695.346008,0,0,-1,0
564,0.016667,20,38154.187500,38154.187500,38013.273438,695.346069,0,0,-1,0
565,0.016667,20,38154.273438,38154.273438,38013.273438,695.345886,0,0,-1,0
566,0.016667,20,38154.328125,38154.328125,38013.273438,695.345398,0,0,-1,0
567,0.016667,20,38154.363281,38154.363281,38013.273438,695.344849,0,0,-1,0
568,0.016716,20,38154.386719,38154.386719,38013.273438,695.344360,0,0,-1,0
569,0.016667,20,38154.441406,38154.441406,38013.273438,695.344116,0,0,-1,0
570,0.016667,20,38154.503906,38154.503906,38013.273438,695.343872,0,0,-1,0
571,0.016667,20,38154.558594,38154.558594,38013.273438,695.343567,0,0,-1,0
572,0.016667,20,38154.574219,38154.574219,38013.273438,695.342957,0,0,-1,0
573,0.016667,20,38154.617188,38154.617188,38013.273438,695.342590,0,0,-1,0
574,0.016667,20,38154.625000,38154.625000,38013.273438,695.341675,0,0,-1,0
575,0.016667,20,38154.644531,38154.644531,38013.273438,695.340942,0,0,-1,0
576,0.016667,20,38154.699219,38154.699219,38013.273438,695.340515,0,0,-1,0
577,0.016667,20,38151.332031,38151.332031,38013.273438,695.443298,0,0,4,0
578,0.016841,20,38119.449219,38119.449219,38013.273438,695.603333,0,0,4,0
579,0.016667,20,38080.718750,38080.718750,38013.273438,695.663452,0,0,4,0
580,0.016667,20,38049.367188,38049.367188,38013.273438,695.335327,0,0,4,0
581,0.016667,20,38078.003906,38078.003906,38013.273438,695.304688,0,0,4,0
582,0.016667,20,38126.925781,38126.925781,38013.273438,695.520569,0,0,4,0
583,0.016667,20,38152.359375,38152.359375,38013.273438,695.675232,0,0,4,0
584,0.016793,20,38127.566406,38127.566406,38013.273438,695.522095,0,0,4,0
585,0.016667,20,38115.902344,38115.902344,38013.273438,695.504944,0,0,4,0
586,0.016667,20,38113.738281,38113.738281,38013.273438,695.591003,0,0,4,0
587,0.016667,20,38092.925781,38092.925781,38013.273438,695.713074,0,0,4,0
588,0.016667,20,38069.390625,38069.390625,38013.273438,695.920166,0,0,4,0
589,0.016667,20,37989.339844,37989.339844,38013.273438,696.481079,0,0,4,0
590,0.016667,20,37852.363281,37852.363281,38013.273438,697.632507,0,0,4,0
591,0.016667,20,37053.695312,37053.695312,38013.273438,701.558228,0,0,4,0
592,0.016667,20,35984.839844,35984.839844,38013.273438,705.646057,0,0,4,0
593,0.016667,20,34468.421875,34468.421875,38013.273438,711.895020,0,0,4,0
594,0.016667,20,33248.558594,33248.558594,38013.273438,716.747070,0,0,4,0
595,0.016667,20,31774.824219,31774.824219,38013.273438,722.225891,0,0,4,0
596,0.016667,20,29937.861328,29937.861328,38013.273438,730.192200,0,0,4,0
597,0.016667,20,27770.562500,27770.562500,38013.273438,741.193237,0,0,4,0
598,0.016667,20,25357.646484,25357.646484,38013.273438,756.671509,0,0,4,0
599,0.016667,20,23308.621094,23308.621094,38013.273438,777.564758,0,0,4,0
600,0.016667,20,21257.285156,21257.285156,38013.273438,804.918091,0,0,4,0
601,0.016667,20,19841.408203,19841.408203,38013.273438,828.903137,0,0,4,0
602,0.016667,20,19658.462891,19658.462891,38013.273438,839.650146,0,0,4,0
603,0.016667,20,20945.357422,20945.357422,38013.273438,827.310059,0,0,4,0
604,0.016667,20,23278.468750,23278.468750,38013.273438,796.288818,0,0,4,0
605,0.016667,20,25932.861328,25932.861328,38013.273438,764.353333,0,0,4,0
606,0.016667,20,28726.703125,28726.703125,38013.273438,741.844849,0,0,4,0
607,0.016667,20,31029.199219,31029.199219,38013.273438,728.964355,0,0,4,0
608,0.016667,20,32784.878906,32784.878906,38013.273438,720.116821,0,0,4,0
609,0.016667,20,33772.789062,33772.789062,38013.273438,715.240356,0,0,4,0
610,0.016667,20,34467.738281,34467.738281,38013.273438,711.615295,0,0,4,0
611,0.016667,20,35019.937500,35019.937500,38013.273438,709.511047,0,0,4,0
612,0.016667,20,35418.238281,35418.238281,38013.273438,707.972168,0,0,4,0
613,0.016667,20,35822.246094,35822.246094,38013.273438,706.167236,0,0,4,0
614,0.016667,20,36163.218750,36163.218750,38013.273438,704.910767,0,0,4,0
615,0.016667,20,36440.324219,36440.324219,38013.273438,703.765869,0,0,4,0
616,0.016667,20,36626.898438,36626.898438,38013.273438,702.932251,0,0,4,0
617,0.016667,20,36739.679688,36739.679688,38013.273438,702.428040,0,0,4,0
618,0.016667,20,36786.601562,36786.601562,38013.273438,702.022278,0,0,4,0
619,0.016667,20,36806.203125,36806.203125,38013.273438,701.670532,0,0,4,0
620,0.016667,20,36831.382812,36831.382812,38013.273438,701.641541,0,0,4,0
621,0.016667,20,36847.582031,36847.582031,38013.273438,701.725891,0,0,4,0
622,0.016970,20,36844.488281,36844.488281,38013.273438,701.743530,0,0,4,0
623,0.016667,20,36868.382812,36868.382812,38013.273438,701.542786,0,0,4,0
624,0.016668,20,36888.128906,36888.128906,38013.273438,701.318176,0,0,4,0
625,0.016667,20,36948.792969,36948.792969,38013.273438,701.508179,0,0,4,0
626,0.016667,20,37151.230469,37151.230469,38013.273438,704.488525,0,0,4,0
627,0.016667,20,37136.515625,37136.515625,38013.273438,709.797302,0,0,4,0
628,0.016679,20,37116.902344,37116.902344,38013.273438,725.429260,0,0,4,0
629,0.016667,20,35331.734375,35331.734375,38013.273438,748.700378,0,0,4,0
630,0.016667,20,32416.246094,32416.246094,38013.273438,840.261414,0,0,4,0
631,0.016667,20,23600.939453,23600.939453,38013.273438,879.037598,0,0,4,0
632,0.016667,20,17282.042969,17282.042969,38013.273438,908.806335,0,0,4,0
633,0.016667,20,17407.054688,17407.054688,38013.273438,899.349121,0,0,4,0
634,0.016667,20,21461.392578,21461.392578,38013.273438,822.636414,0,0,4,0
635,0.016741,20,26274.281250,26274.281250,38013.273438,743.766174,0,0,4,0
636,0.016667,20,31183.478516,31183.478516,38013.273438,717.210571,0,0,4,0
637,0.016667,20,34856.941406,34856.941406,38013.273438,714.778870,0,0,4,0
638,0.016667,20,35666.078125,35666.078125,38013.273438,714.060486,0,0,4,0
639,0.016667,20,33262.789062,33262.789062,38013.273438,719.435669,0,0,4,0
640,0.016667,20,27658.589844,27658.589844,38013.273438,740.866699,0,0,4,0
641,0.016667,20,15649.966797,15649.966797,38013.273438,813.557495,0,0,4,0
642,0.016667,20,-14037.335938,14037.335938,38013.273438,1068.864014,1,0,4,0
643,0.016667,20,-40065.515625,40065.515625,38013.273438,860.696106,0,0,4,0
644,0.016667,20,-35864.375000,35864.375000,38013.273438,709.194519,0,0,4,0
645,0.016667,20,-25513.636719,25513.636719,38013.273438,747.139343,0,0,4,0
646,0.016667,20,-16444.771484,16444.771484,38013.273438,839.215393,0,0,4,0
647,0.016667,20,-15360.222656,15360.222656,38013.273438,905.398071,0,0,4,0
648,0.016667,20,-20866.720703,20866.720703,38013.273438,858.463745,0,0,4,0
649,0.016667,20,-25790.593750,25790.593750,38013.273438,767.299133,0,0,4,0
650,0.016667,20,-29821.140625,29821.140625,38013.273438,737.685364,0,0,4,0
651,0.016667,20,-32914.941406,32914.941406,38013.273438,738.067383,0,0,4,0
652,0.016667,20,-34221.554688,34221.554688,38013.273438,731.392334,0,0,4,0
653,0.016667,20,-34577.480469,34577.480469,38013.273438,718.713440,0,0,4,0
654,0.016667,20,-34901.828125,34901.828125,38013.273438,708.256165,0,0,4,0
655,0.016667,20,-34252.242188,34252.242188,38013.273438,713.619873,0,0,4,0
656,0.016667,20,-20948.064453,20948.064453,38013.273438,771.872925,0,0,4,0
657,0.016667,20,-5626.751465,5626.751465,38013.273438,957.790649,1,0,4,0
658,0.016667,20,25459.933594,25459.933594,38013.273438,1015.734009,1,0,4,0
659,0.016667,20,32339.615234,32339.615234,38013.273438,805.381653,0,0,4,0
660,0.016667,20,28243.460938,28243.460938,38013.273438,717.218018,0,0,4,0
661,0.016667,20,24920.693359,24920.693359,38013.273438,755.044312,0,0,4,0
662,0.016667,20,23337.796875,23337.796875,38013.273438,759.821594,0,0,4,0
663,0.016862,20,24079.023438,24079.023438,38013.273438,753.896057,0,0,4,0
664,0.016667,20,25569.267578,25569.267578,38013.273438,747.598083,0,0,4,0
665,0.016667,20,20364.111328,20364.111328,38013.273438,769.431030,0,0,4,0
666,0.016667,20,8809.574219,8809.574219,38013.273438,879.931274,1,0,4,0
667,0.016667,20,-23559.482422,23559.482422,38013.273438,1084.082031,1,0,4,0
668,0.016667,20,-34086.855469,34086.855469,38013.273438,859.353333,0,0,4,0
669,0.016667,20,-27711.455078,27711.455078,38013.273438,709.669922,0,0,4,0
670,0.016667,20,-23476.773438,23476.773438,38013.273438,762.258728,0,0,4,0
671,0.016667,20,-20700.609375,20700.609375,38013.273438,778.749695,0,0,4,0
672,0.016753,20,-21307.806641,21307.806641,38013.273438,772.924011,0,0,4,0
673,0.017104,20,-24211.785156,24211.785156,38013.273438,756.113770,0,0,4,0
674,0.016667,20,-23769.748047,23769.748047,38013.273438,753.380859,0,0,4,0
675,0.016667,20,-4291.781250,4291.781250,38013.273438,988.044250,1,0,4,0
676,0.016667,20,40798.714844,40798.714844,38013.273438,900.500183,1,0,4,0
677,0.016667,20,41708.921875,41708.921875,38013.273438,766.664368,0,0,4,0
678,0.016667,20,26616.957031,26616.957031,38013.273438,759.226929,0,0,4,0
679,0.016667,20,16986.992188,16986.992188,38013.273438,799.611694,0,0,4,0
680,0.016667,20,16354.010742,16354.010742,38013.273438,819.459778,0,0,4,0
681,0.016667,20,21868.226562,21868.226562,38013.273438,781.759155,0,0,4,0
682,0.016667,20,27731.156250,27731.156250,38013.273438,739.974121,0,0,4,0
683,0.016667,20,31879.175781,31879.175781,38013.273438,725.417542,0,0,4,0
684,0.016667,20,32609.888672,32609.888672,38013.273438,730.426941,0,0,4,0
685,0.016667,20,26985.431641,26985.431641,38013.273438,754.972412,0,0,4,0
686,0.016667,20,12265.777344,12265.777344,38013.273438,863.422241,1,0,4,0
687,0.016668,20,-17950.660156,17950.660156,38013.273438,1281.573242,1,0,4,0
688,0.016667,20,-32710.267578,32710.267578,38013.273438,944.006714,0,0,4,0
689,0.016667,20,-26341.558594,26341.558594,38013.273438,681.235901,0,0,4,0
690,0.016667,20,-19896.734375,19896.734375,38013.273438,787.178833,0,0,4,0
691,0.016667,20,-14774.847656,14774.847656,38013.273438,832.984009,0,0,4,0
692,0.016667,20,-16961.000000,16961.000000,38013.273438,822.948425,0,0,4,0
693,0.016667,20,-23181.583984,23181.583984,38013.273438,766.281250,0,0,4,0
694,0.016667,20,-29361.646484,29361.646484,38013.273438,728.565186,0,0,4,0
695,0.016667,20,-33613.125000,33613.125000,38013.273438,723.051880,0,0,4,0
696,0.016667,20,-34048.406250,34048.406250,38013.273438,731.963928,0,0,4,0
697,0.016667,20,-31595.638672,31595.638672,38013.273438,740.152710,0,0,4,0
698,0.016667,20,-29520.843750,29520.843750,38013.273438,745.757874,0,0,4,0
699,0.016667,20,-29401.513672,29401.513672,38013.273438,744.412354,0,0,4,0
700,0.016667,20,-30780.921875,30780.921875,38013.273438,735.247437,0,0,4,0
701,0.016667,20,-32731.285156,32731.285156,38013.273438,722.910522,0,0,4,0
702,0.016667,20,-34640.855469,34640.855469,38013.273438,712.245911,0,0,4,0
703,0.016667,20,-36170.617188,36170.617188,38013.273438,705.060974,0,0,4,0
704,0.016667,20,-37166.531250,37166.531250,38013.273438,701.041443,0,0,4,0
705,0.016667,20,-37669.640625,37669.640625,38013.273438,698.770325,0,0,4,0
706,0.016667,20,-37835.656250,37835.656250,38013.273438,697.693604,0,0,4,0
707,0.016667,20,-37810.621094,37810.621094,38013.273438,697.780396,0,0,4,0
708,0.016667,20,-37691.121094,37691.121094,38013.273438,698.450867,0,0,4,0
709,0.016667,20,-37526.101562,37526.101562,38013.273438,699.210999,0,0,4,0
710,0.016667,20,-37368.042969,37368.042969,38013.273438,699.888306,0,0,4,0
711,0.016667,20,-37251.394531,37251.394531,38013.273438,700.420654,0,0,4,0
712,0.016667,20,-37185.406250,37185.406250,38013.273438,700.726990,0,0,4,0
713,0.016667,20,-37169.324219,37169.324219,38013.273438,700.767700,0,0,4,0
714,0.016667,20,-37199.031250,37199.031250,38013.273438,700.579712,0,0,4,0
715,0.016667,20,-37265.148438,37265.148438,38013.273438,700.222351,0,0,4,0
716,0.016667,20,-37355.082031,37355.082031,38013.273438,699.748901,0,0,4,0
717,0.016667,20,-37456.675781,37456.675781,38013.273438,699.209351,0,0,4,0
718,0.016667,20,-37560.160156,37560.160156,38013.273438,698.651001,0,0,4,0
719,0.016667,20,-37658.417969,37658.417969,38013.273438,698.111084,0,0,4,0
720,0.016667,20,-37747.054688,37747.054688,38013.273438,697.614990,0,0,4,0
721,0.016667,20,-37824.101562,37824.101562,38013.273438,697.178040,0,0,4,0
722,0.016667,20,-37889.273438,37889.273438,38013.273438,696.804871,0,0,4,0
723,0.016667,20,-37943.285156,37943.285156,38013.273438,696.494202,0,0,4,0
724,0.016667,20,-37987.484375,37987.484375,38013.273438,696.241577,0,0,4,0
725,0.016915,20,-38009.957031,38009.957031,38013.273438,696.111572,0,0,4,0
726,0.016667,20,-38043.304688,38043.304688,38013.273438,695.999573,0,0,4,0
727,0.016667,20,-38049.742188,38049.742188,38013.273438,695.905029,0,0,4,0
728,0.016667,20,-38057.058594,38057.058594,38013.273438,695.910461,0,0,4,0
729,0.016667,20,-38062.601562,38062.601562,38013.273438,695.863770,0,0,4,0
730,0.016667,20,-38037.117188,38037.117188,38013.273438,695.992371,0,0,4,0
731,0.016667,20,-37981.046875,37981.046875,38013.273438,696.582886,0,0,4,0
732,0.016667,20,-36608.464844,36608.464844,38013.273438,702.527588,0,0,4,0
733,0.016667,20,-34630.101562,34630.101562,38013.273438,709.965332,0,0,4,0
734,0.016667,20,-32312.763672,32312.763672,38013.273438,720.893982,0,0,4,0
735,0.016667,20,-30996.166016,30996.166016,38013.273438,725.245544,0,0,4,0
736,0.016667,20,-30740.345703,30740.345703,38013.273438,726.835693,0,0,4,0
737,0.016667,20,-31101.958984,31101.958984,38013.273438,729.082764,0,0,4,0
738,0.016667,20,-31274.703125,31274.703125,38013.273438,732.611145,0,0,4,0
739,0.016667,20,-30948.552734,30948.552734,38013.273438,733.990723,0,0,4,0
740,0.016667,20,-30699.259766,30699.259766,38013.273438,733.752563,0,0,4,0
741,0.016667,20,-30851.078125,30851.078125,38013.273438,732.174438,0,0,4,0
742,0.016730,20,-31421.476562,31421.476562,38013.273438,728.748779,0,0,4,0
743,0.016667,20,-32231.216797,32231.216797,38013.273438,724.355774,0,0,4,0
744,0.016667,20,-33129.300781,33129.300781,38013.273438,719.755920,0,0,4,0
745,0.016667,20,-33929.558594,33929.558594,38013.273438,715.654907,0,0,4,0
746,0.016667,20,-34402.945312,34402.945312,38013.273438,713.027039,0,0,4,0
747,0.016667,20,-34612.136719,34612.136719,38013.273438,711.460754,0,0,4,0
748,0.016667,20,-34437.601562,34437.601562,38013.273438,711.712280,0,0,4,0
749,0.016667,20,-34333.589844,34333.589844,38013.273438,711.834473,0,0,4,0
750,0.016667,20,-34234.472656,34234.472656,38013.273438,712.614380,0,0,4,0
751,0.016667,20,-34225.730469,34225.730469,38013.273438,712.593445,0,0,4,0
752,0.016667,20,-34267.988281,34267.988281,38013.273438,712.576172,0,0,4,0
753,0.016667,20,-34002.722656,34002.722656,38013.273438,713.802307,0,0,4,0
754,0.016667,20,-33639.726562,33639.726562,38013.273438,714.862366,0,0,4,0
755,0.016667,20,-32754.943359,32754.943359,38013.273438,718.747681,0,0,4,0
756,0.016667,20,-31955.990234,31955.990234,38013.273438,721.876831,0,0,4,0
757,0.016667,20,-31040.535156,31040.535156,38013.273438,726.932007,0,0,4,0
758,0.016667,20,-30299.339844,30299.339844,38013.273438,731.171387,0,0,4,0
759,0.016758,20,-29764.583984,29764.583984,38013.273438,735.614502,0,0,4,0
760,0.016667,20,-29255.728516,29255.728516,38013.273438,739.609802,0,0,4,0
761,0.016667,20,-28999.208984,28999.208984,38013.273438,741.708923,0,0,4,0
762,0.016667,20,-28937.238281,28937.238281,38013.273438,742.541687,0,0,4,0
763,0.016667,20,-29285.748047,29285.748047,38013.273438,740.886780,0,0,4,0
764,0.016667,20,-29763.962891,29763.962891,38013.273438,738.007080,0,0,4,0
765,0.016667,20,-30399.962891,30399.962891,38013.273438,733.843140,0,0,4,0
766,0.016667,20,-31026.992188,31026.992188,38013.273438,729.981567,0,0,4,0
767,0.016667,20,-31764.345703,31764.345703,38013.273438,725.881836,0,0,4,0
768,0.016667,20,-32453.603516,32453.603516,38013.273438,722.383789,0,0,4,0
769,0.016667,20,-32966.300781,32966.300781,38013.273438,719.479492,0,0,4,0
770,0.016667,20,-33580.628906,33580.628906,38013.273438,716.250305,0,0,4,0
771,0.016667,20,-34115.109375,34115.109375,38013.273438,714.036377,0,0,4,0
772,0.016667,20,-34581.664062,34581.664062,38013.273438,711.841797,0,0,4,0
773,0.016667,20,-34899.164062,34899.164062,38013.273438,710.311401,0,0,4,0
774,0.016667,20,-35196.351562,35196.351562,38013.273438,708.831726,0,0,4,0
775,0.016667,20,-35449.839844,35449.839844,38013.273438,707.785400,0,0,4,0
776,0.016667,20,-35506.792969,35506.792969,38013.273438,707.526550,0,0,4,0
777,0.016667,20,-35470.964844,35470.964844,38013.273438,707.384583,0,0,4,0
778,0.016667,20,-34832.613281,34832.613281,38013.273438,709.718872,0,0,4,0
779,0.016667,20,-34240.738281,34240.738281,38013.273438,711.605225,0,0,4,0
780,0.016667,20,-33829.558594,33829.558594,38013.273438,714.035461,0,0,4,0
781,0.016667,20,-33701.757812,33701.757812,38013.273438,715.099365,0,0,4,0
782,0.016667,20,-33681.695312,33681.695312,38013.273438,715.805054,0,0,4,0
783,0.016667,20,-33408.894531,33408.894531,38013.273438,717.186707,0,0,4,0
784,0.016667,20,-33139.917969,33139.917969,38013.273438,717.875671,0,0,4,0
785,0.016667,20,-32648.644531,32648.644531,38013.273438,720.127502,0,0,4,0
786,0.016667,20,-32396.947266,32396.947266,38013.273438,721.329712,0,0,4,0
787,0.016667,20,-32111.748047,32111.748047,38013.273438,723.377747,0,0,4,0
788,0.016667,20,-32016.255859,32016.255859,38013.273438,723.979797,0,0,4,0
789,0.016667,20,-32140.587891,32140.587891,38013.273438,724.069031,0,0,4,0
790,0.016667,20,-32306.023438,32306.023438,38013.273438,723.595947,0,0,4,0
791,0.016667,20,-32622.878906,32622.878906,38013.273438,721.911560,0,0,4,0
792,0.016667,20,-33042.445312,33042.445312,38013.273438,719.824585,0,0,4,0
793,0.016667,20,-33573.875000,33573.875000,38013.273438,717.166748,0,0,4,0
794,0.016667,20,-34007.007812,34007.007812,38013.273438,714.947327,0,0,4,0
795,0.016667,20,-34420.277344,34420.277344,38013.273438,712.702576,0,0,4,0
796,0.016667,20,-34857.117188,34857.117188,38013.273438,710.602478,0,0,4,0
797,0.016667,20,-35254.367188,35254.367188,38013.273438,708.845398,0,0,4,0
798,0.016667,20,-35595.203125,35595.203125,38013.273438,707.265747,0,0,4,0
799,0.016667,20,-35854.761719,35854.761719,38013.273438,706.102600,0,0,4,0
800,0.016667,20,-36122.945312,36122.945312,38013.273438,704.802429,0,0,4,0
801,0.016667,20,-36360.656250,36360.656250,38013.273438,703.746155,0,0,4,0
802,0.016667,20,-36565.578125,36565.578125,38013.273438,702.826355,0,0,4,0
803,0.016667,20,-36741.496094,36741.496094,38013.273438,702.039246,0,0,4,0
804,0.016667,20,-36890.957031,36890.957031,38013.273438,701.370605,0,0,4,0
805,0.016667,20,-37016.667969,37016.667969,38013.273438,700.798462,0,0,4,0
806,0.016667,20,-37122.339844,37122.339844,38013.273438,700.309875,0,0,4,0
807,0.016850,20,-37211.566406,37211.566406,38013.273438,699.895752,0,0,4,0
808,0.016667,20,-37287.109375,37287.109375,38013.273438,699.542847,0,0,4,0
809,0.016667,20,-37351.304688,37351.304688,38013.273438,699.240845,0,0,4,0
810,0.016667,20,-37406.136719,37406.136719,38013.273438,698.981628,0,0,4,0
811,0.016667,20,-37453.214844,37453.214844,38013.273438,698.759155,0,0,4,0
812,0.016667,20,-37493.566406,37493.566406,38013.273438,698.566040,0,0,4,0
813,0.016667,20,-37546.625000,37546.625000,38013.273438,698.283447,0,0,4,0
814,0.016667,20,-37592.132812,37592.132812,38013.273438,698.001526,0,0,4,0
815,0.016667,20,-37648.484375,37648.484375,38013.273438,697.678711,0,0,4,0
816,0.016667,20,-37683.453125,37683.453125,38013.273438,697.459839,0,0,4,0
817,0.016667,20,-37742.867188,37742.867188,38013.273438,697.255066,0,0,4,0
818,0.016694,20,-37764.578125,37764.578125,38013.273438,697.008972,0,0,4,0
819,0.016667,20,-37808.503906,37808.503906,38013.273438,696.945801,0,0,4,0
820,0.016667,20,-37840.750000,37840.750000,38013.273438,696.822693,0,0,4,0
821,0.016667,20,-37861.652344,37861.652344,38013.273438,696.642822,0,0,4,0
822,0.016667,20,-37889.843750,37889.843750,38013.273438,696.579590,0,0,4,0
823,0.016667,20,-37904.589844,37904.589844,38013.273438,696.448914,0,0,4,0
824,0.016667,20,-37923.960938,37923.960938,38013.273438,696.395386,0,0,-1,0
825,0.016667,20,-37940.738281,37940.738281,38013.273438,696.337891,0,0,-1,0
826,0.016667,20,-37954.062500,37954.062500,38013.273438,696.270203,0,0,-1,0
827,0.016667,20,-37965.878906,37965.878906,38013.273438,696.208374,0,0,-1,0
828,0.016667,20,-37977.019531,37977.019531,38013.273438,696.156189,0,0,-1,0
829,0.016667,20,-37987.414062,37987.414062,38013.273438,696.110474,0,0,-1,0
830,0.016667,20,-37996.847656,37996.847656,38013.273438,696.067749,0,0,-1,0
831,0.016667,20,-38005.445312,38005.445312,38013.273438,696.027649,0,0,-1,0
832,0.016667,20,-38013.480469,38013.480469,38013.273438,695.991272,0,0,-1,0
833,0.016667,20,-38021.003906,38021.003906,38013.273438,695.956909,0,0,-1,0
834,0.016668,20,-38027.972656,38027.972656,38013.273438,695.923279,0,0,-1,0
835,0.016667,20,-38034.738281,38034.738281,38013.273438,695.892761,0,0,-1,0
836,0.016667,20,-38041.136719,38041.136719,38013.273438,695.864075,0,0,-1,0
837,0.016667,20,-38047.019531,38047.019531,38013.273438,695.836243,0,0,-1,0
838,0.016667,20,-38052.464844,38052.464844,38013.273438,695.810364,0,0,-1,0
839,0.016667,20,-38057.437500,38057.437500,38013.273438,695.786499,0,0,-1,0
840,0.016777,20,-38061.941406,38061.941406,38013.273438,695.764465,0,0,-1,0
841,0.016667,20,-38066.089844,38066.089844,38013.273438,695.744812,0,0,-1,0
842,0.016667,20,-38070.082031,38070.082031,38013.273438,695.728699,0,0,-1,0
843,0.016667,20,-38073.488281,38073.488281,38013.273438,695.711304,0,0,-1,0
844,0.016667,20,-38076.898438,38076.898438,38013.273438,695.697632,0,0,-1,0
845,0.016667,20,-38079.890625,38079.890625,38013.273438,695.683167,0,0,-1,0
846,0.016667,20,-38082.753906,38082.753906,38013.273438,695.670105,0,0,-1,0
847,0.016667,20,-38085.457031,38085.457031,38013.273438,695.657715,0,0,-1,0
848,0.016667,20,-38088.000000,38088.000000,38013.273438,695.645630,0,0,-1,0
849,0.016667,20,-38090.343750,38090.343750,38013.273438,695.634033,0,0,-1,0
850,0.016667,20,-38092.707031,38092.707031,38013.273438,695.624146,0,0,-1,0
851,0.016667,20,-38094.835938,38094.835938,38013.273438,695.613892,0,0,-1,0
852,0.016667,20,-38097.093750,38097.093750,38013.273438,695.606201,0,0,-1,0
853,0.016667,20,-38099.093750,38099.093750,38013.273438,695.597412,0,0,-1,0
854,0.016667,20,-38100.804688,38100.804688,38013.273438,695.587341,0,0,-1,0
855,0.016667,20,-38102.519531,38102.519531,38013.273438,695.578491,0,0,-1,0
856,0.016667,20,-38104.472656,38104.472656,38013.273438,695.572510,0,0,-1,0
857,0.016667,20,-38106.281250,38106.281250,38013.273438,695.566162,0,0,-1,0
858,0.016667,20,-38107.722656,38107.722656,38013.273438,695.557373,0,0,-1,0
